,Email,Name,City,Years of Experience,Interests
0,chadburns173@gmail.com,Chad Burns,Paris,3-6,"Biology,Anti-consumerism,Basketball,Algo Trading,AI/ML,Health Tech"
1,marynelson173@gmail.com,Mary Nelson,New York City,10-20,"Anti-consumerism,Fintech,Startups,Basketball"
2,melissahowellmd173@gmail.com,Melissa Howell MD,New York City,> 20,"Basketball,AI/ML,Investing,Technology,Metaverse,Tennis,Fintech,Mental Health,Snowboarding"
3,jessicahodges173@gmail.com,Jessica Hodges,Paris,10-20,"Baseball,Startups,Investing,Fintech,Metaverse,Basketball,Mental Health"
4,kellyhill173@gmail.com,Kelly Hill,Paris,3-6,"AI/ML,Baseball,Fintech,Basketball,Snowboarding,Investment Banking,Real Estate"
5,thomasstewart173@gmail.com,Thomas Stewart,San Francisco,> 20,"Anti-consumerism,Tennis,Snowboarding,Investing,Baseball,Mental Health,Fintech,AI/ML,Startups"
6,mandygreen173@gmail.com,Mandy Green,Paris,6-10,"Tennis,Metaverse,Investment Banking,Algo Trading"
7,barbaramedina173@gmail.com,Barbara Medina,Austin,10-20,"Mental Health,Real Estate,Investment Banking,Cryptocurrency,Health Tech,Baseball"
8,kelseycarlson173@gmail.com,Kelsey Carlson,New York City,> 20,"Metaverse,Anti-consumerism,Algo Trading"
9,kristiwallace173@gmail.com,Kristi Wallace,New York City,> 20,"Snowboarding,Cryptocurrency"
10,jillguzman173@gmail.com,Jill Guzman,Miami,1-3,"Fintech,Health Tech,Investing,AI/ML,Mental Health,Investment Banking,Cryptocurrency"
11,danielbaker173@gmail.com,Daniel Baker,Austin,10-20,"Snowboarding,Mental Health"
12,matthewsmith173@gmail.com,Matthew Smith,Seattle,0-1,"AI/ML,Biology,Fintech"
13,josephadams173@gmail.com,Joseph Adams,Austin,10-20,"Metaverse,Technology,Health Tech,Baseball,Real Estate,AI/ML,Snowboarding"
14,martinhudson173@gmail.com,Martin Hudson,London,10-20,"Algo Trading,Fintech,Cryptocurrency,Anti-consumerism,Basketball"
15,jordanfigueroa173@gmail.com,Jordan Figueroa,London,1-3,"Tennis,Biology,Health Tech,Baseball,Algo Trading,Snowboarding,Startups"
16,dr_jessicawoodward173@gmail.com,Dr. Jessica Woodward,San Francisco,> 20,"Basketball,Cryptocurrency,AI/ML,Metaverse,Baseball,Algo Trading,Fintech,Investment Banking"
17,ericconner173@gmail.com,Eric Conner,London,1-3,"Real Estate,Investment Banking,Tennis,Snowboarding,Basketball,Mental Health,Baseball,Biology"
18,douglascarroll173@gmail.com,Douglas Carroll,Austin,10-20,"Baseball,Metaverse,Investment Banking,Real Estate,Mental Health,AI/ML,Anti-consumerism,Health Tech"
19,bonniemartin173@gmail.com,Bonnie Martin,Seattle,0-1,"Snowboarding,Metaverse,Investing,Biology"
20,francistorres173@gmail.com,Francis Torres,Austin,0-1,Investment Banking
21,johnglover173@gmail.com,John Glover,London,10-20,"Metaverse,Basketball,Investment Banking,AI/ML,Mental Health,Startups,Investing,Real Estate"
22,jessedouglas173@gmail.com,Jesse Douglas,Miami,1-3,"Real Estate,Technology,Startups,Baseball,Biology,Tennis,Fintech"
23,courtneycunningham173@gmail.com,Courtney Cunningham,Austin,3-6,"Tennis,Investment Banking,Algo Trading"
24,hannahross173@gmail.com,Hannah Ross,Paris,6-10,"Investment Banking,Tennis,Real Estate,AI/ML"
25,alexandragray173@gmail.com,Alexandra Gray,London,> 20,"Cryptocurrency,Health Tech,Fintech,Basketball,Mental Health,Snowboarding"
26,stevenmooredvm173@gmail.com,Steven Moore DVM,New York City,1-3,"AI/ML,Metaverse,Algo Trading"
27,anthonyoconnor173@gmail.com,Anthony Oconnor,Paris,> 20,"AI/ML,Snowboarding"
28,susananderson173@gmail.com,Susan Anderson,Miami,0-1,"Biology,Cryptocurrency,Anti-consumerism,Metaverse,Investing,Fintech,Startups"
29,jennifersmith173@gmail.com,Jennifer Smith,San Francisco,10-20,"Fintech,Basketball,Cryptocurrency,Tennis,AI/ML,Biology"
30,malikjones173@gmail.com,Malik Jones,New York City,> 20,"Mental Health,Real Estate,Basketball,Health Tech,Anti-consumerism"
31,jennifersmith173@gmail.com,Jennifer Smith,San Francisco,3-6,"Tennis,Cryptocurrency,AI/ML,Metaverse,Investment Banking,Fintech"
32,stephenhouse173@gmail.com,Stephen House,Miami,1-3,"Snowboarding,Mental Health,Tennis"
33,christinadeleon173@gmail.com,Christina Deleon,Seattle,3-6,"Anti-consumerism,Mental Health,Baseball,Algo Trading,Fintech,Startups,Real Estate,Snowboarding"
34,jimmyholt173@gmail.com,Jimmy Holt,Paris,> 20,"Algo Trading,Technology,Investing,AI/ML"
35,andreaanderson173@gmail.com,Andrea Anderson,Paris,10-20,"Investment Banking,AI/ML,Technology,Investing,Health Tech,Real Estate"
36,lisajohnson173@gmail.com,Lisa Johnson,Paris,1-3,"Basketball,Investment Banking,Tennis,Mental Health,Algo Trading,Startups,Technology,Investing,AI/ML"
37,christinarussell173@gmail.com,Christina Russell,Seattle,6-10,"Anti-consumerism,Baseball,Investment Banking,Startups,AI/ML,Technology"
38,sharondavidson173@gmail.com,Sharon Davidson,Austin,1-3,Basketball
39,trevorclark173@gmail.com,Trevor Clark,Miami,6-10,"Real Estate,Cryptocurrency,Health Tech,Technology,Metaverse,Mental Health"
40,johnnyball173@gmail.com,Johnny Ball,San Francisco,10-20,"Metaverse,Biology,Fintech,Algo Trading"
41,kevindiaz173@gmail.com,Kevin Diaz,Austin,10-20,"Baseball,Fintech"
42,brandonsilva173@gmail.com,Brandon Silva,Seattle,1-3,"AI/ML,Basketball,Tennis"
43,laurengarza173@gmail.com,Lauren Garza,Paris,6-10,"Investing,Snowboarding,Startups,Real Estate,Technology"
44,dennismyers173@gmail.com,Dennis Myers,Paris,10-20,"Investment Banking,Baseball,Anti-consumerism,Algo Trading,Cryptocurrency,Tennis,Health Tech"
45,scotthaynes173@gmail.com,Scott Haynes,San Francisco,10-20,"Snowboarding,Anti-consumerism,Biology,Real Estate,Algo Trading,Cryptocurrency,Fintech"
46,ruthalvarez173@gmail.com,Ruth Alvarez,Paris,0-1,"Baseball,Investing"
47,kurtlee173@gmail.com,Kurt Lee,San Francisco,6-10,"Fintech,Tennis,Biology,Algo Trading,Mental Health,Startups"
48,andreawilliams173@gmail.com,Andrea Williams,Seattle,> 20,"Fintech,Biology"
49,johnperez173@gmail.com,John Perez,London,> 20,Baseball
50,michaelgonzalez173@gmail.com,Michael Gonzalez,Miami,1-3,"Investment Banking,Fintech,Tennis,Baseball"
51,laurabarrera173@gmail.com,Laura Barrera,Seattle,1-3,Startups
52,kimberlyrios173@gmail.com,Kimberly Rios,Paris,> 20,Algo Trading
53,zacharywatts173@gmail.com,Zachary Watts,Paris,6-10,"Investment Banking,AI/ML,Basketball"
54,johnbuckley173@gmail.com,John Buckley,Austin,1-3,"Investment Banking,Metaverse,Health Tech"
55,laurajones173@gmail.com,Laura Jones,New York City,> 20,"Mental Health,Snowboarding,Technology"
56,jenniferware173@gmail.com,Jennifer Ware,Miami,0-1,AI/ML
57,tinaware173@gmail.com,Tina Ware,Austin,1-3,"Fintech,Startups,Biology"
58,jenniferphillips173@gmail.com,Jennifer Phillips,New York City,3-6,"Snowboarding,Health Tech,Investment Banking,Biology,Basketball"
59,jamesknapp173@gmail.com,James Knapp,Paris,3-6,"Mental Health,Health Tech,Technology"
60,colleenchristian173@gmail.com,Colleen Christian,New York City,0-1,"Technology,Startups,Baseball,Investing,Real Estate,Snowboarding"
61,waynebell173@gmail.com,Wayne Bell,Paris,6-10,"Basketball,Fintech,Metaverse,Baseball,Snowboarding,Investment Banking,Investing,Anti-consumerism,Health Tech"
62,veronicareilly173@gmail.com,Veronica Reilly,London,3-6,"Snowboarding,Biology,Investment Banking,Health Tech,Tennis"
63,laceymendez173@gmail.com,Lacey Mendez,Miami,6-10,"Basketball,Baseball"
64,susanperez173@gmail.com,Susan Perez,Austin,0-1,"AI/ML,Metaverse,Anti-consumerism"
65,reneepacheco173@gmail.com,Renee Pacheco,San Francisco,1-3,"Baseball,Fintech,Cryptocurrency,Metaverse,Technology"
66,daniellamb173@gmail.com,Daniel Lamb,Austin,6-10,"Snowboarding,Basketball,Metaverse,Tennis,Investment Banking,AI/ML"
67,emilyrosales173@gmail.com,Emily Rosales,New York City,0-1,"Biology,Basketball,Tennis,Anti-consumerism,Real Estate,Health Tech,Investment Banking,Algo Trading,Snowboarding"
68,jessemoreno173@gmail.com,Jesse Moreno,San Francisco,6-10,"Real Estate,Tennis,Mental Health"
69,kellyperez173@gmail.com,Kelly Perez,Miami,6-10,"Anti-consumerism,Fintech,Real Estate,Baseball,Technology,Tennis,Cryptocurrency,Metaverse,AI/ML"
70,rebeccajenkins173@gmail.com,Rebecca Jenkins,Miami,6-10,"Metaverse,Mental Health"
71,dominiquenguyen173@gmail.com,Dominique Nguyen,Miami,3-6,"Baseball,Anti-consumerism,Cryptocurrency,Health Tech"
72,jenniferrodriguez173@gmail.com,Jennifer Rodriguez,Seattle,> 20,Fintech
73,toddfitzgerald173@gmail.com,Todd Fitzgerald,San Francisco,3-6,"Technology,Health Tech,Cryptocurrency,Real Estate"
74,jessicarangel173@gmail.com,Jessica Rangel,Seattle,0-1,Real Estate
75,lynnsmith173@gmail.com,Lynn Smith,Paris,0-1,"Algo Trading,AI/ML,Tennis,Metaverse"
76,lauralucas173@gmail.com,Laura Lucas,London,1-3,"Algo Trading,Startups,Technology,AI/ML,Metaverse,Investing"
77,tinahuffman173@gmail.com,Tina Huffman,New York City,3-6,"Fintech,Technology"
78,andrewwatsondds173@gmail.com,Andrew Watson DDS,Paris,3-6,"Basketball,Mental Health,Anti-consumerism,Metaverse"
79,jonathanklein173@gmail.com,Jonathan Klein,New York City,3-6,"Investing,Anti-consumerism,Metaverse"
80,cynthiaguzman173@gmail.com,Cynthia Guzman,Miami,> 20,Investing
81,lisaarnold173@gmail.com,Lisa Arnold,London,1-3,"Snowboarding,Real Estate,Basketball,Investment Banking,Algo Trading,Mental Health,Tennis,AI/ML"
82,aimeeparsons173@gmail.com,Aimee Parsons,San Francisco,3-6,"Health Tech,Investment Banking"
83,stephaniewilkerson173@gmail.com,Stephanie Wilkerson,San Francisco,> 20,"Fintech,Algo Trading,Tennis,Mental Health,Anti-consumerism,Snowboarding,Basketball,AI/ML,Metaverse"
84,jenniferjackson173@gmail.com,Jennifer Jackson,San Francisco,1-3,"Anti-consumerism,Mental Health,Startups"
85,theodorefinley173@gmail.com,Theodore Finley,London,10-20,"Mental Health,Metaverse,Startups,Health Tech,Basketball,Algo Trading,Biology"
86,donnamurphy173@gmail.com,Donna Murphy,Miami,0-1,"Snowboarding,Tennis,Metaverse,Basketball,Fintech,Investment Banking,Biology,AI/ML"
87,earlshannon173@gmail.com,Earl Shannon,Austin,0-1,"Basketball,Snowboarding,AI/ML,Mental Health,Startups,Cryptocurrency,Anti-consumerism,Biology"
88,alexsummersphd173@gmail.com,Alex Summers PhD,Seattle,3-6,"Technology,Basketball"
89,brandimoore173@gmail.com,Brandi Moore,Austin,3-6,"Health Tech,Technology,Anti-consumerism"
90,lisajohnson173@gmail.com,Lisa Johnson,Miami,3-6,"Startups,Mental Health,Metaverse,Real Estate,Anti-consumerism,Basketball,Investing,Cryptocurrency"
91,kathleenle173@gmail.com,Kathleen Le,Seattle,10-20,"Algo Trading,Cryptocurrency"
92,gabriellehill173@gmail.com,Gabrielle Hill,New York City,> 20,"Mental Health,Metaverse,Anti-consumerism,Biology,Algo Trading,Investment Banking,Baseball"
93,johnchristian173@gmail.com,John Christian,New York City,10-20,"Anti-consumerism,Startups"
94,emilytaylor173@gmail.com,Emily Taylor,Austin,6-10,"Metaverse,Investment Banking"
95,nancywatkins173@gmail.com,Nancy Watkins,Miami,> 20,Cryptocurrency
96,daniellerobertson173@gmail.com,Danielle Robertson,Seattle,> 20,Health Tech
97,jeremyclarke173@gmail.com,Jeremy Clarke,New York City,6-10,"Biology,Snowboarding,AI/ML,Fintech,Tennis,Technology,Algo Trading,Anti-consumerism,Metaverse"
98,denisesaunders173@gmail.com,Denise Saunders,Austin,> 20,AI/ML
99,kylemitchell173@gmail.com,Kyle Mitchell,Paris,0-1,"Real Estate,AI/ML,Investing,Algo Trading,Biology,Technology"
100,melissalevine173@gmail.com,Melissa Levine,London,10-20,"Metaverse,Snowboarding,Biology,Fintech,Cryptocurrency,Investment Banking,Health Tech"
101,elizabethchristensen173@gmail.com,Elizabeth Christensen,San Francisco,0-1,"Tennis,Basketball,Algo Trading"
102,amyporter173@gmail.com,Amy Porter,San Francisco,3-6,"Investment Banking,Snowboarding,Investing,Algo Trading,AI/ML,Fintech,Biology,Baseball,Metaverse"
103,kentwagner173@gmail.com,Kent Wagner,Seattle,1-3,"Baseball,Snowboarding,Technology,Health Tech,Real Estate,Investment Banking,Tennis"
104,christopherflores173@gmail.com,Christopher Flores,Miami,10-20,"Biology,Investment Banking,Health Tech,Tennis,Real Estate"
105,kevintaylor173@gmail.com,Kevin Taylor,San Francisco,3-6,Metaverse
106,juliarios173@gmail.com,Julia Rios,Seattle,0-1,Health Tech
107,meganrodriguez173@gmail.com,Megan Rodriguez,London,> 20,"Snowboarding,Startups,AI/ML,Fintech,Biology,Investing,Basketball,Tennis"
108,katelyndougherty173@gmail.com,Katelyn Dougherty,Miami,0-1,"Metaverse,Real Estate,Baseball,Algo Trading"
109,eugenemays173@gmail.com,Eugene Mays,New York City,6-10,"Metaverse,Investment Banking,Tennis,Snowboarding,Startups,AI/ML,Baseball"
110,shawnbowman173@gmail.com,Shawn Bowman,Paris,3-6,Metaverse
111,erinbarajas173@gmail.com,Erin Barajas,Miami,10-20,"Baseball,Mental Health,Cryptocurrency,Tennis,Investing,Algo Trading,Health Tech"
112,paulsmithjr_173@gmail.com,Paul Smith Jr.,Miami,6-10,"Health Tech,Snowboarding,Technology,Basketball,Biology,Cryptocurrency,Real Estate,AI/ML"
113,marksandoval173@gmail.com,Mark Sandoval,Paris,0-1,AI/ML
114,joshuamurphy173@gmail.com,Joshua Murphy,New York City,0-1,"Health Tech,Fintech,Cryptocurrency,Biology,Algo Trading,Basketball,Mental Health,Investment Banking,Anti-consumerism"
115,timothyvasquez173@gmail.com,Timothy Vasquez,San Francisco,> 20,"Mental Health,Technology,Health Tech"
116,kristenwilson173@gmail.com,Kristen Wilson,Miami,3-6,"Investing,Cryptocurrency,AI/ML,Algo Trading,Mental Health,Basketball,Anti-consumerism"
117,thomasking173@gmail.com,Thomas King,Seattle,1-3,"Metaverse,Tennis"
118,michaelrogers173@gmail.com,Michael Rogers,Seattle,> 20,"Investing,Baseball,AI/ML,Anti-consumerism,Startups,Algo Trading,Investment Banking"
119,ericcampbell173@gmail.com,Eric Campbell,San Francisco,6-10,"Investment Banking,Basketball,Real Estate"
120,toddalvarado173@gmail.com,Todd Alvarado,San Francisco,1-3,"Cryptocurrency,Biology,Basketball,Algo Trading,Tennis,Real Estate,Baseball,Anti-consumerism,AI/ML"
121,donaldmay173@gmail.com,Donald May,Austin,3-6,Investing
122,christinamay173@gmail.com,Christina May,Austin,6-10,Basketball
123,tiffanypaul173@gmail.com,Tiffany Paul,London,> 20,"Health Tech,Technology,Tennis,Metaverse,Basketball,Startups,Investment Banking,Baseball"
124,marvinarmstrong173@gmail.com,Marvin Armstrong,San Francisco,10-20,"Snowboarding,Technology"
125,justinbradley173@gmail.com,Justin Bradley,Paris,> 20,"Fintech,Baseball,Snowboarding,Mental Health,Startups,Health Tech,AI/ML"
126,samanthawade173@gmail.com,Samantha Wade,Austin,6-10,"Metaverse,Biology"
127,traviszimmerman173@gmail.com,Travis Zimmerman,Paris,3-6,"Snowboarding,Metaverse,Investing,Cryptocurrency,Anti-consumerism,Startups"
128,tarastewart173@gmail.com,Tara Stewart,New York City,> 20,"Tennis,Investing,Mental Health,Fintech,AI/ML,Algo Trading"
129,danielcooper173@gmail.com,Daniel Cooper,Miami,0-1,"AI/ML,Basketball,Tennis,Technology"
130,lisasherman173@gmail.com,Lisa Sherman,San Francisco,6-10,Fintech
131,jessicarobbins173@gmail.com,Jessica Robbins,London,10-20,"Real Estate,Fintech,Technology"
132,stephenhenderson173@gmail.com,Stephen Henderson,Miami,1-3,"Biology,Anti-consumerism,Investment Banking,Baseball,AI/ML,Snowboarding,Technology,Cryptocurrency,Real Estate"
133,jameswest173@gmail.com,James West,London,6-10,"Basketball,Tennis,Health Tech,Startups,Biology,Baseball,Anti-consumerism"
134,louisperry173@gmail.com,Louis Perry,Seattle,6-10,"Real Estate,Algo Trading,Startups,Biology,Snowboarding,Anti-consumerism,Investing"
135,amyjones173@gmail.com,Amy Jones,Austin,6-10,"Algo Trading,Technology"
136,annaphillips173@gmail.com,Anna Phillips,Paris,10-20,"Investment Banking,Investing,Anti-consumerism,Cryptocurrency,Startups,Technology,Health Tech,Fintech,Mental Health"
137,joedavis173@gmail.com,Joe Davis,London,> 20,"Basketball,Anti-consumerism,Technology,Metaverse,Real Estate,AI/ML,Cryptocurrency,Tennis,Fintech"
138,carolbennettdds173@gmail.com,Carol Bennett DDS,San Francisco,1-3,"Tennis,Anti-consumerism"
139,christophermorris173@gmail.com,Christopher Morris,Austin,1-3,"Biology,AI/ML,Tennis,Algo Trading,Snowboarding,Real Estate"
140,kathymartin173@gmail.com,Kathy Martin,Seattle,6-10,"Biology,Baseball,Basketball,Metaverse,Cryptocurrency,Tennis,Investment Banking,Snowboarding"
141,cynthiamoore173@gmail.com,Cynthia Moore,Seattle,10-20,"Cryptocurrency,Startups,Anti-consumerism,Tennis,Investment Banking,Snowboarding,AI/ML,Technology"
142,carolanthony173@gmail.com,Carol Anthony,Austin,> 20,"Fintech,Investment Banking,Metaverse,Mental Health"
143,tylernavarro173@gmail.com,Tyler Navarro,Miami,> 20,"Health Tech,Biology,Tennis,Baseball"
144,danielwhite173@gmail.com,Daniel White,London,3-6,"Startups,Metaverse,Cryptocurrency,Basketball,AI/ML"
145,williamwashington173@gmail.com,William Washington,Miami,> 20,"Baseball,Basketball,Startups"
146,shelbynorris173@gmail.com,Shelby Norris,London,10-20,"Health Tech,Algo Trading,Tennis,Fintech,Investing,Biology"
147,markwilliams173@gmail.com,Mark Williams,San Francisco,3-6,"Anti-consumerism,Basketball,Tennis,Baseball,Real Estate,Investing,Startups"
148,brianahoward173@gmail.com,Briana Howard,Seattle,> 20,"AI/ML,Snowboarding,Biology,Investment Banking,Metaverse,Baseball,Tennis,Basketball,Mental Health"
149,cherylbooth173@gmail.com,Cheryl Booth,London,6-10,"Mental Health,Baseball,Fintech,Basketball,Snowboarding,Algo Trading,Startups,Metaverse,Health Tech"
150,davidgibson173@gmail.com,David Gibson,San Francisco,3-6,"Basketball,Investing,AI/ML"
151,aaronowens173@gmail.com,Aaron Owens,Paris,10-20,"Real Estate,Investing,Algo Trading,Health Tech,Snowboarding"
152,theresawright173@gmail.com,Theresa Wright,London,1-3,"Startups,Investing,Tennis,Health Tech"
153,brendarodriguez173@gmail.com,Brenda Rodriguez,New York City,10-20,"AI/ML,Anti-consumerism,Investment Banking,Basketball,Biology,Snowboarding"
154,josephnicholson173@gmail.com,Joseph Nicholson,New York City,0-1,Tennis
155,kathybeltran173@gmail.com,Kathy Beltran,New York City,0-1,"Cryptocurrency,Startups,Fintech,Health Tech"
156,kevinthomas173@gmail.com,Kevin Thomas,New York City,6-10,"Health Tech,Mental Health,Fintech,Tennis,Snowboarding,Algo Trading,Biology,Metaverse,Technology"
157,erictaylor173@gmail.com,Eric Taylor,San Francisco,0-1,"Tennis,Investing,Mental Health"
158,stephaniewatts173@gmail.com,Stephanie Watts,Paris,3-6,"Technology,Biology,Basketball,Fintech,Baseball,Investing,Tennis"
159,judycardenas173@gmail.com,Judy Cardenas,Miami,1-3,"Algo Trading,Investment Banking,Baseball,Tennis"
160,ashleysanders173@gmail.com,Ashley Sanders,Austin,> 20,"Cryptocurrency,Mental Health,Tennis,Biology,Technology,Baseball,Basketball,Anti-consumerism,Real Estate"
161,kerrybrown173@gmail.com,Kerry Brown,San Francisco,1-3,"Investment Banking,Technology,Biology,Fintech"
162,danielvaughan173@gmail.com,Daniel Vaughan,San Francisco,> 20,"Investing,Baseball,Startups,Investment Banking,Biology,Algo Trading"
163,charlesstewart173@gmail.com,Charles Stewart,Miami,10-20,"AI/ML,Biology,Mental Health,Baseball,Investing"
164,matthewreyes173@gmail.com,Matthew Reyes,Austin,6-10,"Biology,Cryptocurrency,Startups,Fintech,AI/ML,Investing,Baseball,Tennis"
165,tammycox173@gmail.com,Tammy Cox,Miami,1-3,"Cryptocurrency,Startups,Tennis,Mental Health,Biology,Baseball,Real Estate,Algo Trading,Anti-consumerism"
166,shelbymiller173@gmail.com,Shelby Miller,Seattle,> 20,Algo Trading
167,neilhubbard173@gmail.com,Neil Hubbard,Austin,> 20,"Health Tech,Algo Trading,Biology,Snowboarding,Fintech,AI/ML,Cryptocurrency,Investment Banking"
168,tiffanyjackson173@gmail.com,Tiffany Jackson,San Francisco,3-6,"Algo Trading,Baseball,Cryptocurrency,Startups,Health Tech,Anti-consumerism,Fintech,Snowboarding,Investing"
169,josejackson173@gmail.com,Jose Jackson,London,6-10,"Health Tech,Real Estate,Metaverse"
170,victoriacarr173@gmail.com,Victoria Carr,Austin,6-10,"Biology,Mental Health,Investing,Anti-consumerism,Metaverse,Technology"
171,kimberlypaynephd173@gmail.com,Kimberly Payne PhD,Paris,3-6,"Investment Banking,Real Estate,Biology,Investing,Tennis,Metaverse,Anti-consumerism"
172,moniqueortiz173@gmail.com,Monique Ortiz,New York City,10-20,"Biology,Snowboarding,Cryptocurrency,Algo Trading,Investing,Anti-consumerism,AI/ML,Baseball,Investment Banking"
173,madisonmckinney173@gmail.com,Madison Mckinney,New York City,3-6,"Investing,Anti-consumerism,Snowboarding,Mental Health,Basketball"
174,brandimiller173@gmail.com,Brandi Miller,Austin,0-1,"Investment Banking,AI/ML,Basketball,Snowboarding,Fintech,Tennis"
175,moniquephillips173@gmail.com,Monique Phillips,New York City,0-1,"Anti-consumerism,Technology,Algo Trading,Health Tech,Basketball,Tennis,Startups"
176,markferguson173@gmail.com,Mark Ferguson,Paris,1-3,"AI/ML,Real Estate"
177,susanmaynard173@gmail.com,Susan Maynard,San Francisco,3-6,"Metaverse,Real Estate,Health Tech,Investment Banking,Mental Health,Basketball,AI/ML,Investing"
178,samanthaanderson173@gmail.com,Samantha Anderson,London,10-20,"Anti-consumerism,Baseball,Algo Trading,Startups,Health Tech,Investment Banking,Biology,Fintech"
179,michaelfisher173@gmail.com,Michael Fisher,Seattle,10-20,"Mental Health,Fintech,Biology,Snowboarding,Basketball,Metaverse"
180,seanatkinson173@gmail.com,Sean Atkinson,Seattle,10-20,"Tennis,Mental Health,Biology,Cryptocurrency,Fintech"
181,jodijackson173@gmail.com,Jodi Jackson,New York City,10-20,"Real Estate,Technology"
182,triciarussell173@gmail.com,Tricia Russell,Austin,3-6,"Health Tech,Metaverse,Biology,Mental Health,Fintech,Real Estate"
183,sarahraymond173@gmail.com,Sarah Raymond,Paris,> 20,Snowboarding
184,brandongarrett173@gmail.com,Brandon Garrett,New York City,1-3,"Snowboarding,Cryptocurrency,Investment Banking,AI/ML,Fintech,Startups,Tennis"
185,emilyortiz173@gmail.com,Emily Ortiz,San Francisco,6-10,"Investment Banking,Health Tech,Tennis,Biology"
186,nancycampbell173@gmail.com,Nancy Campbell,San Francisco,6-10,"Basketball,Mental Health,Metaverse"
187,annlang173@gmail.com,Ann Lang,London,0-1,"Real Estate,Mental Health,AI/ML"
188,danielhull173@gmail.com,Daniel Hull,Seattle,3-6,"Startups,Tennis,Mental Health,Metaverse,Health Tech,Investing,Baseball"
189,alexanderrosario173@gmail.com,Alexander Rosario,Austin,0-1,"Investment Banking,Tennis"
190,jeffreyguerrero173@gmail.com,Jeffrey Guerrero,Paris,> 20,"Basketball,Mental Health,Cryptocurrency,Real Estate,Algo Trading,Baseball,Investment Banking,Investing,Technology"
191,saraduarte173@gmail.com,Sara Duarte,Paris,> 20,"Basketball,Technology,Biology,Real Estate,Baseball,Metaverse,Investment Banking,Anti-consumerism"
192,kirkarias173@gmail.com,Kirk Arias,Paris,0-1,"Basketball,Mental Health"
193,georgewright173@gmail.com,George Wright,Paris,0-1,"Baseball,Technology,Mental Health,Basketball,Health Tech,Fintech,Biology"
194,richardortiz173@gmail.com,Richard Ortiz,New York City,> 20,Anti-consumerism
195,seanwoods173@gmail.com,Sean Woods,Miami,3-6,"Fintech,Health Tech"
196,jasonarellano173@gmail.com,Jason Arellano,Austin,0-1,Startups
197,noahpatterson173@gmail.com,Noah Patterson,San Francisco,3-6,"Basketball,Investing"
198,justinthomas173@gmail.com,Justin Thomas,San Francisco,1-3,"Health Tech,Metaverse,Investment Banking,Snowboarding,Technology,Tennis,AI/ML,Investing"
199,jaredporter173@gmail.com,Jared Porter,Seattle,3-6,"Investment Banking,Cryptocurrency,Tennis,Health Tech"
200,jorgeschultz173@gmail.com,Jorge Schultz,London,1-3,"Mental Health,Investing,Biology,Real Estate,Technology,Startups"
201,robertkeith173@gmail.com,Robert Keith,London,> 20,"Cryptocurrency,Algo Trading,AI/ML,Basketball,Startups,Mental Health"
202,nicolasduffy173@gmail.com,Nicolas Duffy,Seattle,> 20,"Health Tech,Investment Banking,Biology,Real Estate"
203,meghanmoore173@gmail.com,Meghan Moore,New York City,0-1,"Startups,Health Tech,Baseball,Tennis,Anti-consumerism,Mental Health,Investing,Metaverse"
204,heathercarroll173@gmail.com,Heather Carroll,Paris,0-1,"Biology,Algo Trading,Investment Banking"
205,thomasnorton173@gmail.com,Thomas Norton,New York City,1-3,Startups
206,allenhuerta173@gmail.com,Allen Huerta,New York City,10-20,"Startups,Real Estate,Snowboarding,Fintech,Health Tech,Metaverse,Basketball,Baseball,Cryptocurrency"
207,allisonmartin173@gmail.com,Allison Martin,San Francisco,3-6,"Biology,Algo Trading,Metaverse,Investing,Health Tech,Mental Health,AI/ML,Real Estate"
208,benjaminchoi173@gmail.com,Benjamin Choi,San Francisco,0-1,Real Estate
209,barbarawilliams173@gmail.com,Barbara Williams,Seattle,0-1,"Algo Trading,Investing,Metaverse,Basketball,AI/ML"
210,ryanball173@gmail.com,Ryan Ball,Miami,> 20,"Startups,Real Estate,Fintech,Investment Banking,Cryptocurrency,Metaverse"
211,robertdavis173@gmail.com,Robert Davis,Miami,3-6,"Real Estate,Anti-consumerism,Tennis,Mental Health"
212,michaelgray173@gmail.com,Michael Gray,Austin,0-1,"Basketball,Technology,Metaverse,Anti-consumerism,Snowboarding,Baseball,AI/ML"
213,rickyritter173@gmail.com,Ricky Ritter,Miami,1-3,Investing
214,margaretwells173@gmail.com,Margaret Wells,San Francisco,3-6,"Algo Trading,Real Estate,Technology"
215,tammybryan173@gmail.com,Tammy Bryan,London,0-1,"Health Tech,Fintech,Real Estate,Baseball,Investment Banking,Technology,Mental Health"
216,anthonyschmidt173@gmail.com,Anthony Schmidt,Paris,> 20,"Algo Trading,Biology"
217,amandabaker173@gmail.com,Amanda Baker,Miami,> 20,"Cryptocurrency,AI/ML,Snowboarding,Basketball,Tennis,Algo Trading,Health Tech,Investing,Mental Health"
218,meaganpatrick173@gmail.com,Meagan Patrick,Seattle,1-3,"Tennis,AI/ML,Health Tech,Technology,Metaverse,Algo Trading"
219,robertathomas173@gmail.com,Roberta Thomas,Seattle,0-1,Snowboarding
220,johnluna173@gmail.com,John Luna,Miami,10-20,"AI/ML,Investment Banking,Cryptocurrency"
221,lisadavis173@gmail.com,Lisa Davis,New York City,> 20,"Investment Banking,Health Tech,Cryptocurrency"
222,ericamontoya173@gmail.com,Erica Montoya,New York City,3-6,"AI/ML,Baseball,Tennis,Snowboarding,Investing,Cryptocurrency"
223,christophergonzalez173@gmail.com,Christopher Gonzalez,London,0-1,AI/ML
224,sarashea173@gmail.com,Sara Shea,Paris,> 20,"Baseball,Real Estate,Cryptocurrency,Metaverse,Anti-consumerism,Basketball,Fintech,Algo Trading"
225,robertlopez173@gmail.com,Robert Lopez,Paris,1-3,"Cryptocurrency,Investing"
226,jeffreyalvarado173@gmail.com,Jeffrey Alvarado,Paris,3-6,"Algo Trading,Health Tech,AI/ML,Metaverse"
227,laurenpratt173@gmail.com,Lauren Pratt,Austin,6-10,"Fintech,Biology,Tennis,Investing,Technology,Health Tech,Investment Banking,Baseball,Basketball"
228,lauraparker173@gmail.com,Laura Parker,Austin,3-6,"Mental Health,Metaverse,Snowboarding,Fintech,Health Tech,Startups,Baseball,Basketball,Investing"
229,ryanvargas173@gmail.com,Ryan Vargas,Seattle,3-6,"AI/ML,Technology,Real Estate,Investing,Snowboarding,Mental Health"
230,kimberlytaylor173@gmail.com,Kimberly Taylor,London,1-3,"Baseball,Investment Banking,Snowboarding,Fintech"
231,chadmcknight173@gmail.com,Chad Mcknight,Seattle,> 20,"Cryptocurrency,Snowboarding,Health Tech,Tennis,Anti-consumerism,Investing,Fintech,Investment Banking,Startups"
232,elizabethshort173@gmail.com,Elizabeth Short,Paris,0-1,"Startups,Snowboarding,Algo Trading,Metaverse"
233,jasonhodges173@gmail.com,Jason Hodges,San Francisco,6-10,Technology
234,tracyaguilar173@gmail.com,Tracy Aguilar,Miami,6-10,Tennis
235,davidhines173@gmail.com,David Hines,San Francisco,6-10,"Algo Trading,Biology,Real Estate,Fintech,Technology,Health Tech,Investment Banking"
236,laurayoder173@gmail.com,Laura Yoder,Miami,0-1,Snowboarding
237,austinanderson173@gmail.com,Austin Anderson,Seattle,10-20,"Metaverse,Fintech"
238,williamcaldwell173@gmail.com,William Caldwell,Austin,3-6,"Startups,Basketball,Anti-consumerism,Algo Trading,Snowboarding"
239,brandonarroyo173@gmail.com,Brandon Arroyo,Austin,6-10,"Biology,AI/ML,Mental Health,Investment Banking,Tennis,Basketball,Algo Trading,Cryptocurrency"
240,patriciaroberts173@gmail.com,Patricia Roberts,San Francisco,> 20,"Tennis,AI/ML,Cryptocurrency,Technology,Investing,Basketball,Startups"
241,destinywang173@gmail.com,Destiny Wang,San Francisco,3-6,"Real Estate,Fintech,Startups,AI/ML,Biology,Cryptocurrency,Technology"
242,michaelmckinney173@gmail.com,Michael Mckinney,Austin,6-10,"AI/ML,Algo Trading,Health Tech,Real Estate,Cryptocurrency,Investing,Technology"
243,brendasmith173@gmail.com,Brenda Smith,Austin,10-20,"Tennis,Anti-consumerism,Basketball,Fintech,Investment Banking,Cryptocurrency,AI/ML"
244,adamparker173@gmail.com,Adam Parker,Miami,> 20,"Health Tech,Anti-consumerism,Baseball,AI/ML,Tennis,Investing"
245,michelleherrera173@gmail.com,Michelle Herrera,Austin,1-3,"Investing,Snowboarding,Health Tech,AI/ML,Fintech,Basketball,Startups,Metaverse,Anti-consumerism"
246,peterorr173@gmail.com,Peter Orr,Seattle,> 20,"Investment Banking,Startups,Metaverse"
247,aaronthomas173@gmail.com,Aaron Thomas,San Francisco,0-1,"AI/ML,Biology,Real Estate,Baseball,Algo Trading,Mental Health,Technology,Anti-consumerism,Cryptocurrency"
248,scottharrison173@gmail.com,Scott Harrison,San Francisco,3-6,"Baseball,Basketball,Mental Health,Cryptocurrency,Investing,Snowboarding,Metaverse,Fintech"
249,samuelhallmd173@gmail.com,Samuel Hall MD,Paris,1-3,"AI/ML,Investing,Cryptocurrency,Metaverse"
250,jeffreytate173@gmail.com,Jeffrey Tate,Paris,1-3,"Investing,Anti-consumerism,AI/ML,Investment Banking,Real Estate,Baseball,Fintech"
251,jerrygould173@gmail.com,Jerry Gould,Miami,6-10,"Biology,Cryptocurrency"
252,jordanhale173@gmail.com,Jordan Hale,San Francisco,> 20,"Investment Banking,Startups,Tennis,Anti-consumerism,Biology,Basketball,Mental Health,Real Estate,Investing"
253,brendapierce173@gmail.com,Brenda Pierce,London,> 20,"AI/ML,Snowboarding,Health Tech,Anti-consumerism,Investment Banking,Biology,Real Estate"
254,tarajones173@gmail.com,Tara Jones,London,10-20,"Baseball,Real Estate,AI/ML,Fintech,Anti-consumerism,Health Tech,Mental Health,Tennis"
255,zacharyjones173@gmail.com,Zachary Jones,San Francisco,10-20,"Mental Health,Cryptocurrency,AI/ML"
256,lorilewis173@gmail.com,Lori Lewis,Miami,10-20,"Technology,Algo Trading"
257,jordanwong173@gmail.com,Jordan Wong,London,6-10,"Investment Banking,Health Tech"
258,lesliemoore173@gmail.com,Leslie Moore,London,3-6,"Metaverse,Investing,Baseball,Real Estate,Biology,Anti-consumerism,Mental Health,Snowboarding,Tennis"
259,whitneyjohnson173@gmail.com,Whitney Johnson,London,3-6,"Fintech,Cryptocurrency,Metaverse"
260,joshuamiles173@gmail.com,Joshua Miles,Austin,3-6,Mental Health
261,ms_karenglover173@gmail.com,Ms. Karen Glover,Miami,1-3,"Basketball,Technology"
262,josepeterson173@gmail.com,Jose Peterson,Seattle,0-1,"Startups,Fintech,Cryptocurrency"
263,joelzamora173@gmail.com,Joel Zamora,Miami,10-20,"Anti-consumerism,Health Tech"
264,austinestradadds173@gmail.com,Austin Estrada DDS,New York City,1-3,"Health Tech,Cryptocurrency,Technology,Anti-consumerism,Metaverse,Startups,Tennis,Algo Trading,Biology"
265,mrs_shannontaylor173@gmail.com,Mrs. Shannon Taylor,Austin,3-6,"Real Estate,Tennis"
266,karensmith173@gmail.com,Karen Smith,New York City,3-6,"Real Estate,Biology,Cryptocurrency"
267,peterhorn173@gmail.com,Peter Horn,San Francisco,3-6,"Basketball,Fintech"
268,amandacastillo173@gmail.com,Amanda Castillo,San Francisco,10-20,"AI/ML,Technology,Biology"
269,michelepruitt173@gmail.com,Michele Pruitt,London,3-6,"Investment Banking,Mental Health,Anti-consumerism,AI/ML,Startups,Snowboarding"
270,jeanharris173@gmail.com,Jean Harris,Austin,3-6,"Anti-consumerism,Mental Health,Health Tech"
271,michaelrobinson173@gmail.com,Michael Robinson,New York City,10-20,"Investing,Mental Health,Algo Trading,Cryptocurrency,Investment Banking,Startups,Real Estate,Tennis,Basketball"
272,melissapowell173@gmail.com,Melissa Powell,New York City,0-1,AI/ML
273,geraldwolf173@gmail.com,Gerald Wolf,New York City,6-10,"AI/ML,Biology,Investing,Baseball,Tennis,Metaverse,Startups,Real Estate,Cryptocurrency"
274,davidwalker173@gmail.com,David Walker,Austin,0-1,AI/ML
275,jasonhorton173@gmail.com,Jason Horton,San Francisco,1-3,Tennis
276,tammybaxter173@gmail.com,Tammy Baxter,San Francisco,0-1,"Investment Banking,Algo Trading,Investing,Health Tech,AI/ML,Baseball,Cryptocurrency,Anti-consumerism,Basketball"
277,tiffanybradley173@gmail.com,Tiffany Bradley,Austin,6-10,"Mental Health,Tennis,Snowboarding,Cryptocurrency,Anti-consumerism,Investing"
278,patriciaramsey173@gmail.com,Patricia Ramsey,Austin,3-6,"Real Estate,Startups,Biology,Mental Health,Investing,Investment Banking,Health Tech"
279,maryroberts173@gmail.com,Mary Roberts,San Francisco,10-20,"Startups,Anti-consumerism,Tennis,Biology"
280,davidmccarthy173@gmail.com,David Mccarthy,New York City,0-1,"Investment Banking,Snowboarding,AI/ML,Investing,Startups,Health Tech,Technology,Baseball"
281,robertmccarthy173@gmail.com,Robert Mccarthy,San Francisco,1-3,"Startups,Fintech,Mental Health,Real Estate,Health Tech,Tennis,Metaverse"
282,pennyterry173@gmail.com,Penny Terry,New York City,6-10,"Tennis,Basketball,Cryptocurrency"
283,timothywilliams173@gmail.com,Timothy Williams,Austin,0-1,"Technology,Metaverse,Snowboarding,Algo Trading,Cryptocurrency"
284,amymartinez173@gmail.com,Amy Martinez,New York City,1-3,"Investment Banking,Cryptocurrency"
285,philliphogan173@gmail.com,Phillip Hogan,San Francisco,3-6,"Algo Trading,Health Tech,Real Estate"
286,lukegray173@gmail.com,Luke Gray,Austin,3-6,"Cryptocurrency,Basketball"
287,erichawkins173@gmail.com,Eric Hawkins,Seattle,6-10,"Tennis,Mental Health,Investment Banking,Fintech,Anti-consumerism,Baseball,Technology"
288,marylang173@gmail.com,Mary Lang,San Francisco,1-3,"Basketball,Cryptocurrency,Baseball,Biology,Algo Trading,Snowboarding,Tennis"
289,blakeharvey173@gmail.com,Blake Harvey,Seattle,1-3,"AI/ML,Cryptocurrency,Snowboarding,Investment Banking,Fintech,Algo Trading,Tennis,Technology"
290,tammygarcia173@gmail.com,Tammy Garcia,Austin,> 20,"Investing,Algo Trading,Real Estate,Snowboarding,Fintech,Biology,Metaverse,Technology"
291,kimberlyblair173@gmail.com,Kimberly Blair,Miami,3-6,"Mental Health,Tennis,Snowboarding,Metaverse"
292,anthonybrooks173@gmail.com,Anthony Brooks,San Francisco,1-3,Real Estate
293,kennethwilliams173@gmail.com,Kenneth Williams,New York City,3-6,"Fintech,Snowboarding"
294,denisebrooks173@gmail.com,Denise Brooks,Miami,1-3,"Real Estate,Investment Banking,Startups,Metaverse"
295,dianeshah173@gmail.com,Diane Shah,New York City,0-1,"Cryptocurrency,Biology,Startups,Investment Banking,Technology,Basketball,Algo Trading"
296,troypreston173@gmail.com,Troy Preston,San Francisco,6-10,"Real Estate,Anti-consumerism"
297,randyscott173@gmail.com,Randy Scott,London,6-10,"Algo Trading,Snowboarding,Real Estate,Mental Health,Startups,Investing,Investment Banking,Cryptocurrency"
298,lorinewman173@gmail.com,Lori Newman,Austin,6-10,"Anti-consumerism,Health Tech,Snowboarding,AI/ML,Tennis,Real Estate,Baseball,Technology"
299,wendyschmidt173@gmail.com,Wendy Schmidt,Miami,> 20,"Snowboarding,Algo Trading,Cryptocurrency,AI/ML,Basketball,Health Tech,Mental Health,Baseball,Biology"
300,evelynhardy173@gmail.com,Evelyn Hardy,San Francisco,0-1,"AI/ML,Fintech,Baseball,Snowboarding"
301,catherinesimmonsphd173@gmail.com,Catherine Simmons PhD,New York City,3-6,"Algo Trading,Metaverse,Cryptocurrency,Investment Banking"
302,thomasrivera173@gmail.com,Thomas Rivera,London,1-3,"Algo Trading,Technology,Biology,Fintech"
303,sergiojenkins173@gmail.com,Sergio Jenkins,New York City,3-6,"Biology,Investment Banking,Cryptocurrency,Fintech"
304,marieramirez173@gmail.com,Marie Ramirez,Seattle,0-1,"Technology,Anti-consumerism,Real Estate,Investment Banking,Basketball"
305,jesusmorrow173@gmail.com,Jesus Morrow,London,6-10,"Technology,Investment Banking,Algo Trading,Baseball,Metaverse,Biology,Tennis,Cryptocurrency"
306,mauricemorris173@gmail.com,Maurice Morris,Paris,> 20,"AI/ML,Basketball"
307,codysalas173@gmail.com,Cody Salas,Miami,0-1,Biology
308,katieayers173@gmail.com,Katie Ayers,Miami,3-6,"Cryptocurrency,Investing,Mental Health,AI/ML,Snowboarding,Algo Trading,Real Estate,Fintech,Anti-consumerism"
309,chadbradley173@gmail.com,Chad Bradley,London,10-20,"Basketball,Mental Health,Snowboarding,Technology,Algo Trading,Anti-consumerism,Fintech,Metaverse,Startups"
310,joanjenkins173@gmail.com,Joan Jenkins,Austin,10-20,"Metaverse,Algo Trading,Baseball"
311,danielthompson173@gmail.com,Daniel Thompson,Seattle,6-10,"Biology,Health Tech,Investing,Startups,Tennis,Snowboarding,Real Estate"
312,meganvillarreal173@gmail.com,Megan Villarreal,Seattle,0-1,"Fintech,Tennis,AI/ML,Health Tech,Anti-consumerism,Biology,Snowboarding"
313,stevendouglas173@gmail.com,Steven Douglas,Seattle,3-6,"Fintech,Baseball,Startups,Technology,Mental Health,Tennis,Anti-consumerism,Algo Trading,Cryptocurrency"
314,lawrencefritz173@gmail.com,Lawrence Fritz,Miami,1-3,"Mental Health,Cryptocurrency,Startups,Biology,AI/ML,Baseball,Snowboarding,Health Tech,Metaverse"
315,lisafuller173@gmail.com,Lisa Fuller,Miami,6-10,"Startups,Technology,Fintech"
316,kaitlynhall173@gmail.com,Kaitlyn Hall,San Francisco,6-10,"Baseball,AI/ML,Investment Banking,Basketball,Anti-consumerism,Tennis,Metaverse,Health Tech"
317,nathanielgarciamd173@gmail.com,Nathaniel Garcia MD,Miami,3-6,"Health Tech,Anti-consumerism,Tennis,Fintech,Basketball,Cryptocurrency,Technology"
318,kylietorres173@gmail.com,Kylie Torres,London,10-20,"Startups,Algo Trading,Tennis,Fintech"
319,courtneysolis173@gmail.com,Courtney Solis,London,1-3,"Tennis,Biology,Basketball"
320,tiffanyjohnson173@gmail.com,Tiffany Johnson,New York City,3-6,"Health Tech,Tennis,Real Estate,Snowboarding,Anti-consumerism,Technology,Fintech,Algo Trading,Metaverse"
321,christopherturner173@gmail.com,Christopher Turner,New York City,6-10,Biology
322,pamelabridges173@gmail.com,Pamela Bridges,Paris,3-6,"Investing,Basketball,AI/ML"
323,kevinanderson173@gmail.com,Kevin Anderson,Austin,0-1,"Investment Banking,Investing,Technology,Anti-consumerism,Baseball,Basketball,AI/ML,Startups,Biology"
324,christophergonzalez173@gmail.com,Christopher Gonzalez,London,> 20,"Investment Banking,AI/ML,Fintech,Basketball,Anti-consumerism"
325,austinaguilar173@gmail.com,Austin Aguilar,Paris,> 20,"Tennis,Mental Health"
326,dawnhull173@gmail.com,Dawn Hull,Paris,10-20,Investing
327,johnperez173@gmail.com,John Perez,New York City,10-20,"Technology,Baseball,Startups,Real Estate,Biology,AI/ML,Mental Health"
328,stephenreyes173@gmail.com,Stephen Reyes,Seattle,6-10,"Technology,Anti-consumerism"
329,kathleenjohnson173@gmail.com,Kathleen Johnson,Paris,1-3,Biology
330,tanyachristensen173@gmail.com,Tanya Christensen,Austin,> 20,"Metaverse,Investment Banking,Mental Health,Startups,Investing,AI/ML,Anti-consumerism,Health Tech"
331,veronicawilliams173@gmail.com,Veronica Williams,Seattle,1-3,Technology
332,coreyrobinson173@gmail.com,Corey Robinson,Austin,1-3,"Investing,Tennis,Snowboarding,Biology,Cryptocurrency"
333,denisegonzalez173@gmail.com,Denise Gonzalez,Paris,1-3,"Anti-consumerism,Baseball,Startups,Biology,Health Tech,Investing,Mental Health,Cryptocurrency,Snowboarding"
334,natashajohnson173@gmail.com,Natasha Johnson,New York City,3-6,"Basketball,Real Estate,Technology"
335,stephaniedawson173@gmail.com,Stephanie Dawson,Seattle,6-10,"Tennis,AI/ML,Biology"
336,kylebell173@gmail.com,Kyle Bell,Paris,> 20,"Snowboarding,Tennis,AI/ML,Health Tech"
337,rosequinn173@gmail.com,Rose Quinn,San Francisco,6-10,"Cryptocurrency,Baseball,Mental Health,Health Tech,Metaverse,Snowboarding,Investment Banking,Startups,AI/ML"
338,jasminemeza173@gmail.com,Jasmine Meza,Austin,1-3,"Investing,Health Tech,AI/ML,Cryptocurrency,Investment Banking,Technology,Biology"
339,michaelwilliams173@gmail.com,Michael Williams,Miami,> 20,"Fintech,Snowboarding,Biology"
340,davidreese173@gmail.com,David Reese,Austin,> 20,"Real Estate,Snowboarding,Technology,Algo Trading,Investing,Cryptocurrency,Fintech"
341,waltersanford173@gmail.com,Walter Sanford,Austin,0-1,"Snowboarding,Biology,Anti-consumerism,Tennis,Technology,Investing"
342,cherylleon173@gmail.com,Cheryl Leon,Paris,6-10,"Anti-consumerism,Investment Banking,Basketball,Baseball,Investing,Technology,Health Tech,Biology"
343,codywilliams173@gmail.com,Cody Williams,San Francisco,6-10,"Fintech,Metaverse"
344,daleochoa173@gmail.com,Dale Ochoa,Paris,6-10,"Baseball,Technology,Real Estate,Startups,Investing,Metaverse,Health Tech"
345,susanmendoza173@gmail.com,Susan Mendoza,Seattle,0-1,"Fintech,Snowboarding,AI/ML"
346,kellylittle173@gmail.com,Kelly Little,San Francisco,6-10,"Baseball,Cryptocurrency,Technology"
347,peterjones173@gmail.com,Peter Jones,Paris,10-20,"Fintech,Investment Banking,Snowboarding"
348,angelachristensen173@gmail.com,Angela Christensen,London,6-10,"Startups,Investment Banking,Fintech,Technology,Metaverse,Tennis,Cryptocurrency,AI/ML"
349,tracydavis173@gmail.com,Tracy Davis,New York City,0-1,"Algo Trading,Baseball,AI/ML,Startups,Real Estate,Mental Health,Biology,Investment Banking"
350,tonyamorenodds173@gmail.com,Tonya Moreno DDS,Miami,10-20,"Startups,Health Tech,Technology,Fintech,Investment Banking,Biology,Basketball,Real Estate,Investing"
351,larrylewis173@gmail.com,Larry Lewis,London,> 20,Health Tech
352,annawhitehead173@gmail.com,Anna Whitehead,New York City,6-10,"AI/ML,Real Estate,Investment Banking,Fintech,Technology,Snowboarding,Health Tech,Baseball"
353,meganbryant173@gmail.com,Megan Bryant,London,0-1,"Mental Health,Investment Banking,Technology,Fintech,Health Tech"
354,anacarroll173@gmail.com,Ana Carroll,Paris,6-10,"Baseball,Startups,Snowboarding,Fintech"
355,theresahenderson173@gmail.com,Theresa Henderson,Austin,10-20,"Baseball,Algo Trading,Basketball,Investment Banking"
356,devincarr173@gmail.com,Devin Carr,Seattle,3-6,"Metaverse,Investing,AI/ML,Investment Banking,Anti-consumerism,Real Estate,Baseball"
357,shannonwolfe173@gmail.com,Shannon Wolfe,Seattle,6-10,"Metaverse,Startups,Biology,Health Tech,Basketball,Mental Health"
358,kimberlythompson173@gmail.com,Kimberly Thompson,San Francisco,10-20,"Anti-consumerism,Investment Banking,Health Tech"
359,paulsullivan173@gmail.com,Paul Sullivan,San Francisco,6-10,"Biology,Anti-consumerism,Real Estate"
360,michaeljackson173@gmail.com,Michael Jackson,Austin,10-20,"Investment Banking,Snowboarding,Startups,Metaverse,Fintech,Baseball,Tennis,Anti-consumerism,Technology"
361,stevenferrell173@gmail.com,Steven Ferrell,London,> 20,"Investment Banking,Health Tech,Mental Health,Real Estate"
362,jonjones173@gmail.com,Jon Jones,Paris,6-10,"Health Tech,Real Estate,Algo Trading"
363,kristieklein173@gmail.com,Kristie Klein,London,0-1,"Technology,Health Tech,Basketball,Algo Trading"
364,christinepayne173@gmail.com,Christine Payne,Miami,10-20,"Algo Trading,Technology,Tennis,Real Estate,Cryptocurrency,Health Tech,Baseball"
365,janetwilliams173@gmail.com,Janet Williams,San Francisco,0-1,Baseball
366,heathergonzalez173@gmail.com,Heather Gonzalez,Miami,6-10,Cryptocurrency
367,sydneystewart173@gmail.com,Sydney Stewart,San Francisco,1-3,"Investment Banking,Metaverse,Technology,Real Estate,Anti-consumerism,AI/ML"
368,joshuagarcia173@gmail.com,Joshua Garcia,New York City,0-1,"Tennis,Startups,Mental Health,Cryptocurrency,Snowboarding,Metaverse,Fintech"
369,hollynavarro173@gmail.com,Holly Navarro,Miami,1-3,"Technology,Anti-consumerism,Snowboarding,Metaverse,Investing,Real Estate,Basketball,Algo Trading,Health Tech"
370,anthonyhubbard173@gmail.com,Anthony Hubbard,Austin,> 20,"Snowboarding,Investment Banking,Tennis"
371,christinaprice173@gmail.com,Christina Price,Seattle,> 20,Mental Health
372,marcushood173@gmail.com,Marcus Hood,Austin,10-20,"Health Tech,Investing,Investment Banking"
373,marvinclark173@gmail.com,Marvin Clark,Austin,3-6,"Basketball,AI/ML,Baseball,Biology,Technology,Mental Health,Startups,Anti-consumerism"
374,pamelamoody173@gmail.com,Pamela Moody,New York City,6-10,"AI/ML,Basketball,Snowboarding,Metaverse,Cryptocurrency,Health Tech,Technology,Tennis"
375,jasonmills173@gmail.com,Jason Mills,Paris,10-20,"Metaverse,Cryptocurrency"
376,michaelconner173@gmail.com,Michael Conner,New York City,3-6,"Metaverse,Investment Banking,Health Tech,Tennis"
377,scottwillis173@gmail.com,Scott Willis,Austin,3-6,"Anti-consumerism,Snowboarding,Baseball,Algo Trading,Real Estate"
378,juliansmith173@gmail.com,Julian Smith,San Francisco,1-3,Snowboarding
379,katherinewashington173@gmail.com,Katherine Washington,Seattle,3-6,"Biology,Investment Banking,Startups,Metaverse,Tennis"
380,mikaylahale173@gmail.com,Mikayla Hale,Austin,10-20,"Basketball,Fintech,Biology,Health Tech"
381,jennagreen173@gmail.com,Jenna Green,Paris,6-10,"Cryptocurrency,Startups,Metaverse"
382,andreareed173@gmail.com,Andrea Reed,Seattle,3-6,"Investment Banking,Fintech,Biology,Metaverse"
383,michaelgibson173@gmail.com,Michael Gibson,New York City,10-20,"Health Tech,Tennis,Mental Health,Snowboarding,Real Estate,Baseball"
384,richardacosta173@gmail.com,Richard Acosta,Seattle,0-1,"Startups,Health Tech,Biology,Baseball,Technology,Metaverse"
385,mr_aaronmitchell173@gmail.com,Mr. Aaron Mitchell,San Francisco,1-3,"Investing,Real Estate,Fintech,Metaverse,Health Tech,Investment Banking,Baseball,Technology,Tennis"
386,seanlee173@gmail.com,Sean Lee,Seattle,6-10,"Snowboarding,Tennis,Investing,Real Estate,Anti-consumerism,Startups,Technology,Basketball,Biology"
387,staciesimpson173@gmail.com,Stacie Simpson,London,6-10,Technology
388,henrymay173@gmail.com,Henry May,Paris,6-10,AI/ML
389,dr_ambermartinezmd173@gmail.com,Dr. Amber Martinez MD,Austin,3-6,"Biology,Tennis,Technology,AI/ML,Snowboarding,Basketball,Cryptocurrency,Startups,Health Tech"
390,marissagonzales173@gmail.com,Marissa Gonzales,London,1-3,"Baseball,Metaverse"
391,katiebender173@gmail.com,Katie Bender,San Francisco,0-1,"Biology,Technology,AI/ML,Metaverse,Health Tech,Real Estate,Algo Trading"
392,taylorandrews173@gmail.com,Taylor Andrews,Miami,> 20,"Mental Health,Tennis,Technology,Investment Banking,Algo Trading,Metaverse,AI/ML,Startups"
393,amandabarrett173@gmail.com,Amanda Barrett,Miami,3-6,"Startups,AI/ML,Real Estate,Health Tech,Anti-consumerism,Mental Health,Basketball,Tennis"
394,edwardwright173@gmail.com,Edward Wright,Paris,6-10,"Real Estate,Cryptocurrency,Technology,Fintech,Tennis,Basketball,Baseball"
395,brianstephens173@gmail.com,Brian Stephens,Seattle,1-3,Real Estate
396,craigbush173@gmail.com,Craig Bush,San Francisco,10-20,"Biology,Anti-consumerism,Tennis,Investing,Baseball,AI/ML,Investment Banking,Algo Trading"
397,marcweeks173@gmail.com,Marc Weeks,Paris,1-3,"AI/ML,Technology,Mental Health,Snowboarding,Metaverse,Health Tech,Fintech"
398,benjamindavis173@gmail.com,Benjamin Davis,London,6-10,Snowboarding
399,jimmybecker173@gmail.com,Jimmy Becker,San Francisco,3-6,"Real Estate,Tennis,Startups,Algo Trading"
400,kathleenyoung173@gmail.com,Kathleen Young,London,0-1,Biology
401,ryanstephenson173@gmail.com,Ryan Stephenson,Austin,6-10,"Cryptocurrency,Algo Trading"
402,randallcarrillo173@gmail.com,Randall Carrillo,Paris,3-6,"Baseball,Algo Trading,Startups,Metaverse,Snowboarding,Fintech"
403,danalopez173@gmail.com,Dana Lopez,New York City,> 20,"Algo Trading,Tennis,Basketball,AI/ML,Health Tech"
404,cheyenneromero173@gmail.com,Cheyenne Romero,London,10-20,"Tennis,Startups,Cryptocurrency"
405,vanessapittman173@gmail.com,Vanessa Pittman,New York City,3-6,"Investment Banking,Metaverse,Snowboarding,Technology,Algo Trading,Tennis,Real Estate,Anti-consumerism,Mental Health"
406,alexandercox173@gmail.com,Alexander Cox,Seattle,6-10,"Basketball,Investing,Startups,Cryptocurrency"
407,williamharmon173@gmail.com,William Harmon,Miami,0-1,"Mental Health,Algo Trading,Metaverse,Investing,Investment Banking,Cryptocurrency,Biology,Real Estate,Anti-consumerism"
408,sandrahicks173@gmail.com,Sandra Hicks,Miami,> 20,Basketball
409,debrahurley173@gmail.com,Debra Hurley,New York City,1-3,"Investing,Real Estate,Baseball,Investment Banking"
410,robertdouglas173@gmail.com,Robert Douglas,New York City,10-20,"Technology,Real Estate,Baseball,Investment Banking,Algo Trading,Health Tech,Tennis"
411,sarashelton173@gmail.com,Sara Shelton,Seattle,0-1,"Real Estate,Baseball,Startups,Basketball,AI/ML,Tennis,Technology,Fintech,Mental Health"
412,lisahuff173@gmail.com,Lisa Huff,New York City,6-10,Biology
413,davidshaw173@gmail.com,David Shaw,Paris,0-1,Tennis
414,edwincampbell173@gmail.com,Edwin Campbell,London,0-1,"Cryptocurrency,Baseball,Metaverse,Investment Banking,Mental Health,Real Estate,Basketball"
415,christopherpatel173@gmail.com,Christopher Patel,London,6-10,"Biology,Investment Banking,Basketball,Tennis,Technology"
416,paulblake173@gmail.com,Paul Blake,New York City,> 20,"Anti-consumerism,Investing,Mental Health,AI/ML,Tennis"
417,michellemartinez173@gmail.com,Michelle Martinez,New York City,6-10,"Anti-consumerism,Basketball,Algo Trading,Baseball,Technology,Biology"
418,juliefranklin173@gmail.com,Julie Franklin,Miami,1-3,"Real Estate,Tennis"
419,jessicabarnes173@gmail.com,Jessica Barnes,Seattle,3-6,"Anti-consumerism,Cryptocurrency,Investment Banking"
420,anagaines173@gmail.com,Ana Gaines,Paris,10-20,"Baseball,Basketball,Investment Banking,Real Estate,Biology,Tennis"
421,danielcastro173@gmail.com,Daniel Castro,Seattle,3-6,"Tennis,Mental Health,Snowboarding,Biology"
422,lisamanning173@gmail.com,Lisa Manning,Paris,3-6,Investing
423,willieestrada173@gmail.com,Willie Estrada,Seattle,10-20,"Technology,Mental Health,Baseball,Biology,Fintech,Anti-consumerism,AI/ML,Algo Trading"
424,reginathomas173@gmail.com,Regina Thomas,Seattle,1-3,Technology
425,kathleenmiddleton173@gmail.com,Kathleen Middleton,Seattle,6-10,"Baseball,Snowboarding,Health Tech,Cryptocurrency,Basketball,Algo Trading,Tennis"
426,crystalpeterson173@gmail.com,Crystal Peterson,Seattle,10-20,"Investment Banking,Metaverse,Baseball"
427,jessicazamora173@gmail.com,Jessica Zamora,Paris,> 20,"Technology,Startups,Investing,Tennis,Investment Banking,Cryptocurrency,Anti-consumerism,Real Estate"
428,jamierivasdds173@gmail.com,Jamie Rivas DDS,Austin,1-3,"Tennis,Startups,Cryptocurrency,Baseball,Real Estate,Basketball"
429,jameshuerta173@gmail.com,James Huerta,New York City,6-10,"Basketball,Technology"
430,mrs_shannonware173@gmail.com,Mrs. Shannon Ware,London,6-10,"Mental Health,Startups"
431,ashleybailey173@gmail.com,Ashley Bailey,New York City,10-20,"Biology,Algo Trading,Investing,Fintech"
432,harrysullivan173@gmail.com,Harry Sullivan,Austin,1-3,Metaverse
433,hectorvaughan173@gmail.com,Hector Vaughan,Paris,6-10,"Mental Health,Startups"
434,anitajohnson173@gmail.com,Anita Johnson,Miami,0-1,"Real Estate,Basketball,Mental Health,Anti-consumerism,Cryptocurrency,Investing,Baseball,Health Tech,Snowboarding"
435,ashleychung173@gmail.com,Ashley Chung,New York City,> 20,"Baseball,Health Tech,Fintech"
436,codyreyes173@gmail.com,Cody Reyes,Miami,1-3,"Snowboarding,Tennis,Basketball,Metaverse,Fintech,Mental Health,Investment Banking"
437,lauramorgan173@gmail.com,Laura Morgan,Paris,0-1,"Mental Health,AI/ML,Basketball,Cryptocurrency,Investment Banking,Baseball"
438,angelaperez173@gmail.com,Angela Perez,Seattle,6-10,"Technology,Mental Health"
439,carltrevino173@gmail.com,Carl Trevino,Austin,0-1,"Baseball,Mental Health,Biology,Investing,AI/ML,Metaverse,Cryptocurrency,Startups"
440,daniellestephens173@gmail.com,Danielle Stephens,Seattle,1-3,"Algo Trading,Fintech,AI/ML,Biology"
441,tammymartinez173@gmail.com,Tammy Martinez,Paris,1-3,"Tennis,Investment Banking,Metaverse,Startups,Real Estate"
442,kevinhall173@gmail.com,Kevin Hall,London,> 20,"Snowboarding,Tennis,Startups,Baseball,Investment Banking,AI/ML,Fintech,Technology,Real Estate"
443,brittanycollier173@gmail.com,Brittany Collier,San Francisco,> 20,Health Tech
444,emilyjohnson173@gmail.com,Emily Johnson,Miami,3-6,"Basketball,Biology,Algo Trading,Investing,Anti-consumerism"
445,michelleroberts173@gmail.com,Michelle Roberts,Austin,10-20,"Cryptocurrency,Basketball,AI/ML,Anti-consumerism,Baseball,Startups,Real Estate,Biology"
446,tracyroth173@gmail.com,Tracy Roth,London,1-3,"Algo Trading,Baseball,Real Estate,Tennis,Mental Health,Startups,Health Tech"
447,sherrythomas173@gmail.com,Sherry Thomas,San Francisco,6-10,"Real Estate,Health Tech"
448,jenniferlopez173@gmail.com,Jennifer Lopez,Paris,3-6,"Tennis,Investment Banking,Cryptocurrency,Technology,Health Tech"
449,rachelkelley173@gmail.com,Rachel Kelley,Seattle,0-1,"Startups,Real Estate,Fintech,Snowboarding,Technology,Algo Trading,Mental Health,Tennis,Cryptocurrency"
450,megansanchez173@gmail.com,Megan Sanchez,Paris,0-1,"AI/ML,Snowboarding,Real Estate"
451,heidiwaters173@gmail.com,Heidi Waters,Austin,10-20,"Mental Health,Algo Trading,Startups,Investment Banking,Metaverse,Snowboarding,Investing,Anti-consumerism"
452,andreabowmandds173@gmail.com,Andrea Bowman DDS,Austin,10-20,"Metaverse,Biology,Health Tech,Mental Health,Baseball"
453,aliciacollins173@gmail.com,Alicia Collins,San Francisco,3-6,"Investment Banking,Investing,Biology,Cryptocurrency,Basketball,AI/ML,Fintech"
454,michaelgibson173@gmail.com,Michael Gibson,Miami,> 20,"Metaverse,AI/ML,Technology,Real Estate,Baseball,Biology,Investment Banking,Startups,Health Tech"
455,scottalvarado173@gmail.com,Scott Alvarado,Miami,3-6,"Mental Health,Cryptocurrency,Metaverse,Investing,Investment Banking,Health Tech,Fintech,Startups"
456,ericwilliamson173@gmail.com,Eric Williamson,San Francisco,0-1,"Real Estate,Mental Health,Baseball,AI/ML,Basketball,Startups"
457,angelalowe173@gmail.com,Angela Lowe,Paris,> 20,"Cryptocurrency,Basketball,Biology,Metaverse,Snowboarding,Investing,Baseball"
458,randymiller173@gmail.com,Randy Miller,London,1-3,"Investing,Real Estate,Snowboarding,Biology,Mental Health,Metaverse"
459,joshuawalker173@gmail.com,Joshua Walker,London,6-10,"AI/ML,Tennis,Investing,Biology"
460,matthewjordan173@gmail.com,Matthew Jordan,Seattle,6-10,"Tennis,Biology"
461,christopherfisher173@gmail.com,Christopher Fisher,New York City,6-10,"Startups,Investment Banking,Metaverse,Technology,Fintech"
462,scottwatkins173@gmail.com,Scott Watkins,Miami,3-6,"Technology,AI/ML"
463,zacharylewis173@gmail.com,Zachary Lewis,Miami,1-3,"Cryptocurrency,Startups,Investing"
464,justinsaunders173@gmail.com,Justin Saunders,San Francisco,> 20,"Technology,AI/ML,Baseball,Fintech,Algo Trading,Snowboarding,Metaverse,Anti-consumerism"
465,davidsilva173@gmail.com,David Silva,Paris,6-10,"Basketball,Tennis,Anti-consumerism,Algo Trading,Fintech,Snowboarding,Technology,Investing,Metaverse"
466,louismcdaniel173@gmail.com,Louis Mcdaniel,San Francisco,1-3,"Metaverse,Algo Trading,Cryptocurrency,Basketball,Fintech,Technology,AI/ML,Snowboarding,Investing"
467,timothygarcia173@gmail.com,Timothy Garcia,London,3-6,"Baseball,Startups,Basketball,Investing,Mental Health,Cryptocurrency,Health Tech"
468,tammyvelazquez173@gmail.com,Tammy Velazquez,Austin,> 20,"Health Tech,Real Estate,Mental Health,Biology,Snowboarding,Metaverse,Investment Banking"
469,joshuathomas173@gmail.com,Joshua Thomas,San Francisco,10-20,"Snowboarding,Algo Trading,Real Estate,Investment Banking,Anti-consumerism,Tennis"
470,megantorres173@gmail.com,Megan Torres,Paris,3-6,Cryptocurrency
471,saraestrada173@gmail.com,Sara Estrada,Paris,10-20,"Investment Banking,Mental Health,Biology,Baseball,Basketball,Anti-consumerism,Snowboarding,Technology,Startups"
472,alfredbaird173@gmail.com,Alfred Baird,Seattle,6-10,"Fintech,Metaverse,Biology,Startups,Tennis,Investment Banking,Basketball,Baseball,Snowboarding"
473,davidcraig173@gmail.com,David Craig,Paris,6-10,"Algo Trading,Investment Banking,Cryptocurrency,Anti-consumerism,Basketball"
474,lisarussell173@gmail.com,Lisa Russell,Paris,> 20,"Biology,AI/ML,Snowboarding,Anti-consumerism,Basketball,Baseball,Mental Health"
475,josephlevine173@gmail.com,Joseph Levine,Austin,3-6,"Fintech,AI/ML,Startups,Investing,Cryptocurrency"
476,charleneroy173@gmail.com,Charlene Roy,London,0-1,"Investing,AI/ML,Startups,Fintech"
477,samanthagutierrez173@gmail.com,Samantha Gutierrez,London,6-10,"Anti-consumerism,Real Estate,Tennis"
478,ryanjones173@gmail.com,Ryan Jones,Miami,1-3,"AI/ML,Technology,Baseball"
479,phillipleonard173@gmail.com,Phillip Leonard,New York City,3-6,"Technology,Investment Banking,Anti-consumerism,Basketball,Real Estate,AI/ML,Health Tech,Startups,Fintech"
480,mitchellsoto173@gmail.com,Mitchell Soto,Miami,6-10,"Snowboarding,Biology,Investment Banking,Cryptocurrency,Technology,Baseball,Basketball,Mental Health,Health Tech"
481,josephgonzalez173@gmail.com,Joseph Gonzalez,New York City,1-3,"Tennis,Startups,Baseball,Investing,Real Estate,Anti-consumerism,Metaverse,Mental Health"
482,melissasanders173@gmail.com,Melissa Sanders,Seattle,1-3,"Cryptocurrency,Tennis,Startups,Basketball,Algo Trading,Anti-consumerism,Investing,Baseball,Real Estate"
483,williamjones173@gmail.com,William Jones,San Francisco,1-3,"Health Tech,Baseball,Cryptocurrency,Snowboarding"
484,sarahbrown173@gmail.com,Sarah Brown,San Francisco,10-20,Tennis
485,elizabethtorres173@gmail.com,Elizabeth Torres,Austin,1-3,"Baseball,Cryptocurrency,Fintech,Basketball,Technology"
486,virginialong173@gmail.com,Virginia Long,San Francisco,10-20,"Metaverse,Anti-consumerism,Tennis,AI/ML,Mental Health"
487,ericmartin173@gmail.com,Eric Martin,Austin,0-1,"Real Estate,Baseball"
488,terrinelson173@gmail.com,Terri Nelson,San Francisco,10-20,"Metaverse,Technology,Fintech,Basketball"
489,johnjohnson173@gmail.com,John Johnson,Austin,6-10,"Snowboarding,Algo Trading,Health Tech,Baseball,Mental Health,Investment Banking,Biology"
490,chadford173@gmail.com,Chad Ford,Paris,10-20,"Tennis,Cryptocurrency,Snowboarding,Basketball,AI/ML,Investment Banking"
491,keithbryant173@gmail.com,Keith Bryant,Paris,6-10,Fintech
492,lindsaymiller173@gmail.com,Lindsay Miller,San Francisco,> 20,"Fintech,Investment Banking"
493,elizabethburch173@gmail.com,Elizabeth Burch,Seattle,10-20,"Investing,Algo Trading,Startups,Real Estate,Metaverse,Mental Health,AI/ML,Fintech"
494,josephbaker173@gmail.com,Joseph Baker,Paris,3-6,Mental Health
495,davidjones173@gmail.com,David Jones,Seattle,1-3,"Real Estate,Startups,Investment Banking,Basketball,Baseball,Mental Health,Investing,Fintech,Tennis"
496,missjessicaperezdds173@gmail.com,Miss Jessica Perez DDS,London,6-10,"Technology,Biology,Mental Health,Metaverse,Basketball,Anti-consumerism,Snowboarding"
497,annarocha173@gmail.com,Anna Rocha,New York City,3-6,"Anti-consumerism,Biology,Health Tech,Technology"
498,williamlang173@gmail.com,William Lang,Miami,10-20,"Algo Trading,Cryptocurrency,Fintech,Metaverse,Baseball,Anti-consumerism,Technology,Health Tech,AI/ML"
499,paulpatterson173@gmail.com,Paul Patterson,Miami,10-20,"Tennis,Basketball,Health Tech"
